name,price,amount,price_per_amount,country_origin,additional_info,category,time
"Schweizer Saucenzwiebeln 500g, SUISSE GARANTIE",0.99,500 g,0.20/100g,Ursprungsland: Schweiz,"Zusatzinformationen:
Bei dem Artikelbild handelt es sich um ein Symbolbild. Da es sich um ein Naturprodukt handelt, kann die Farbe bei der Lieferung abweichen.
Klasse: I",gemüse/gewürze-&-zwiebeln,2024-11-07 14:55:00
"RETOUR AUX SOURCES BIO Schweizer Zwiebeln gelb 500g, SUISSE GARANTIE",2.29,500 g,0.46/100g,Ursprungsland: Schweiz,"Zusatzinformationen:
Bei dem Artikelbild handelt es sich um ein Symbolbild. Da es sich um ein Naturprodukt handelt, kann die Farbe bei der Lieferung abweichen.
Klasse: I 
Bio-Zertifizierungsstelle des Herstellers: CH-BIO-038",gemüse/gewürze-&-zwiebeln,2024-11-07 14:55:02
"Schweizer Peperoncini 100g, SUISSE GARANTIE",1.79,100 g,1.79/100g,Ursprungsland: Schweiz,"Zusatzinformationen:
Bei dem Artikelbild handelt es sich um ein Symbolbild. Da es sich um ein Naturprodukt handelt, kann die Farbe bei der Lieferung abweichen.
Klasse: I",gemüse/gewürze-&-zwiebeln,2024-11-07 14:55:03
Knoblauch frisch pro Stück,0.95,1 Stück,0.95/Stk./pc./pz.,Ursprungsland: Niederlande,"Zusatzinformationen:
Bei dem Artikelbild handelt es sich um ein Symbolbild. Da es sich um ein Naturprodukt handelt, kann die Farbe bei der Lieferung abweichen.
Klasse: I",gemüse/gewürze-&-zwiebeln,2024-11-07 14:55:03
"Schweizer Schalotten 300g, SUISSE GARANTIE",0.99,300 g,0.33/100g,Ursprungsland: Schweiz,"Zusatzinformationen:
Bei dem Artikelbild handelt es sich um ein Symbolbild. Da es sich um ein Naturprodukt handelt, kann die Farbe bei der Lieferung abweichen.
Klasse: I",gemüse/gewürze-&-zwiebeln,2024-11-07 14:55:04
"Schweizer Zwiebeln gelb 2kg, SUISSE GARANTIE",2.95,2 kg,1.48/1kg,Ursprungsland: Schweiz,"Zusatzinformationen:
Bei dem Artikelbild handelt es sich um ein Symbolbild. Da es sich um ein Naturprodukt handelt, kann die Farbe bei der Lieferung abweichen.
Klasse: I",gemüse/gewürze-&-zwiebeln,2024-11-07 14:55:05
Bundzwiebeln pro Bund,0.69,1 Bund,0.69/Stk./pc./pz.,Ursprungsland: Italien,"Zusatzinformationen:
Bei dem Artikelbild handelt es sich um ein Symbolbild. Da es sich um ein Naturprodukt handelt, kann die Farbe bei der Lieferung abweichen.
Klasse: l",gemüse/gewürze-&-zwiebeln,2024-11-07 14:55:06
Knoblauch 200g,0.79,200 g,0.40/100g,Ursprungsland: Spanien,"Zusatzinformationen:
Bei dem Artikelbild handelt es sich um ein Symbolbild. Da es sich um ein Naturprodukt handelt, kann die Farbe bei der Lieferung abweichen.
Klasse: I",gemüse/gewürze-&-zwiebeln,2024-11-07 14:55:07
Federkohl 300g,1.79,300 g,0.60/100g,"Ursprungsland: Niederlande, Spanien, Schweiz","Zusatzinformationen:
Bei dem Artikelbild handelt es sich um ein Symbolbild. Da es sich um ein Naturprodukt handelt, kann die Farbe bei der Lieferung abweichen.
Klasse: l",gemüse/kohlgemüse,2024-11-07 14:55:07
"Schweizer Bluccoli 400g, SUISSE GARANTIE",2.99,400 g,0.75/100g,Ursprungsland: Schweiz,"Zusatzinformationen:
Bei dem Artikelbild handelt es sich um ein Symbolbild. Da es sich um ein Naturprodukt handelt, kann die Farbe bei der Lieferung abweichen.
Klasse: I 
1 x Broccoli & 1x Blumenkohl",gemüse/kohlgemüse,2024-11-07 14:55:08
"Schweizer Rosenkohl 500g, SUISSE GARANTIE",2.95,500 g,0.59/100g,Ursprungsland: Schweiz,"Zusatzinformationen:
Bei dem Artikelbild handelt es sich um ein Symbolbild. Da es sich um ein Naturprodukt handelt, kann die Farbe bei der Lieferung abweichen.
Klasse: I",gemüse/kohlgemüse,2024-11-07 14:55:09
"Schweizer Broccoli pro Stück, SUISSE GARANTIE",1.35,1 Stück,1.35/Stk./pc./pz.,Ursprungsland: Schweiz,"Zusatzinformationen:
Bei dem Artikelbild handelt es sich um ein Symbolbild. Da es sich um ein Naturprodukt handelt, kann die Farbe bei der Lieferung abweichen.
Klasse: I",gemüse/kohlgemüse,2024-11-07 14:55:10
"Schweizer Blumenkohl pro Stück, SUISSE GARANTIE",2.77,1 Stück,2.77/Stk./pc./pz.,Ursprungsland: Schweiz,"Zusatzinformationen:
Bei dem Artikelbild handelt es sich um ein Symbolbild. Da es sich um ein Naturprodukt handelt, kann die Farbe bei der Lieferung abweichen.
Klasse: I",gemüse/kohlgemüse,2024-11-07 14:55:10
"Schweizer Champignons weiss 250g, SUISSE GARANTIE",1.99,250 g,0.80/100g,Ursprungsland: Schweiz,"Zusatzinformationen:
Bei dem Artikelbild handelt es sich um ein Symbolbild. Da es sich um ein Naturprodukt handelt, kann die Farbe bei der Lieferung abweichen.
Klasse: I",gemüse/pilze,2024-11-07 14:55:11
"Schweizer Champignons braun 250g, SUISSE GARANTIE",1.99,250 g,0.80/100g,Ursprungsland: Schweiz,"Zusatzinformationen:
Bei dem Artikelbild handelt es sich um ein Symbolbild. Da es sich um ein Naturprodukt handelt, kann die Farbe bei der Lieferung abweichen.
Klasse: I",gemüse/pilze,2024-11-07 14:55:12
Champignons weiss 500g,1.99,500 g,0.40/100g,Ursprungsland: Polen,"Zusatzinformationen:
Bei dem Artikelbild handelt es sich um ein Symbolbild. Da es sich um ein Naturprodukt handelt, kann die Farbe bei der Lieferung abweichen.
Klasse: I",gemüse/pilze,2024-11-07 14:55:13
Champignons braun 500g,1.99,500 g,0.40/100g,Ursprungsland: Polen,"Zusatzinformationen:
Bei dem Artikelbild handelt es sich um ein Symbolbild. Da es sich um ein Naturprodukt handelt, kann die Farbe bei der Lieferung abweichen.
Klasse: I",gemüse/pilze,2024-11-07 14:55:13
BIO NATURA Champignons braun 250g,1.79,250 g,0.72/100g,Ursprungsland: Niederlande,"Zusatzinformationen:
Bei dem Artikelbild handelt es sich um ein Symbolbild. Da es sich um ein Naturprodukt handelt, kann die Farbe bei der Lieferung abweichen.
Klasse: I",gemüse/pilze,2024-11-07 14:55:14
Kräuterseitlinge 200g,3.59,200 g,1.80/100g,Ursprungsland: Niederlande,"Zusatzinformationen:
Bei dem Artikelbild handelt es sich um ein Symbolbild. Da es sich um ein Naturprodukt handelt, kann die Farbe bei der Lieferung abweichen.
Klasse: I",gemüse/pilze,2024-11-07 14:55:15
Salatgurke pro Stück,0.99,1 Stück,0.99/Stk./pc./pz.,"Ursprungsland: Griechenland, Marokko, Niederlande, Spanien","Zusatzinformationen:
Bei dem Artikelbild handelt es sich um ein Symbolbild. Da es sich um ein Naturprodukt handelt, kann die Farbe bei der Lieferung abweichen.
Klasse: I",gemüse/salatgemüse,2024-11-07 14:55:16
BIO NATURA Datteltomaten 250g,1.19,250 g,0.48/100g,"Ursprungsland: Spanien, Italien","Zusatzinformationen:
Bei dem Artikelbild handelt es sich um ein Symbolbild. Da es sich um ein Naturprodukt handelt, kann die Farbe bei der Lieferung abweichen.
Klasse: I",gemüse/salatgemüse,2024-11-07 14:55:17
Datteltomaten 500g,1.39,500 g,0.28/100g,"Ursprungsland: Spanien, Italien, Marokko, Niederlande","Zusatzinformationen:
Bei dem Artikelbild handelt es sich um ein Symbolbild. Da es sich um ein Naturprodukt handelt, kann die Farbe bei der Lieferung abweichen.
Klasse: I",gemüse/salatgemüse,2024-11-07 14:55:18
BIO NATURA San Marzano Tomaten 500g,2.99,500 g,0.60/100g,Ursprungsland: Italien,"Zusatzinformationen:
Bei dem Artikelbild handelt es sich um ein Symbolbild. Da es sich um ein Naturprodukt handelt, kann die Farbe bei der Lieferung abweichen.
Klasse: I",gemüse/salatgemüse,2024-11-07 14:55:19
BIO NATURA Snackgurken 250g,1.49,250 g,0.60/100g,"Ursprungsland: Marokko, Spanien","Zusatzinformationen:
Bei dem Artikelbild handelt es sich um ein Symbolbild. Da es sich um ein Naturprodukt handelt, kann die Farbe bei der Lieferung abweichen.
Klasse: I",gemüse/salatgemüse,2024-11-07 14:55:20
Tomaten 1kg,1.89,1 kg,1.89/1kg,"Ursprungsland: Marokko, Niederlande, Spanien, Italien","Zusatzinformationen:
Bei dem Artikelbild handelt es sich um ein Symbolbild. Da es sich um ein Naturprodukt handelt, kann die Farbe bei der Lieferung abweichen.
Klasse: I",gemüse/salatgemüse,2024-11-07 14:55:21
ISS-REIF Avocados 2er-Pack,2.49,2 Stück,1.25/Stk./pc./pz.,"Ursprungsland: Brasilien, Chile, Dominikanische Republik, Israel, Kenia, Kleinere Inselbesitzungen der Vereinigten Staaten, Kolumbien, Marokko, Mexiko, Peru, Portugal, Simbabwe, Spanien, Südafrika, Tansania","Zusatzinformationen:
Bei dem Artikelbild handelt es sich um ein Symbolbild. Da es sich um ein Naturprodukt handelt, kann die Farbe bei der Lieferung abweichen.
Klasse: I",gemüse/salatgemüse,2024-11-07 14:55:22
"SAVEURS SUISSES Schweizer Snacktomaten 300g, SUISSE GARANTIE",2.99,300 g,1.00/100g,Ursprungsland: Schweiz,"Zusatzinformationen:
Bei dem Artikelbild handelt es sich um ein Symbolbild. Da es sich um ein Naturprodukt handelt, kann die Farbe bei der Lieferung abweichen.
Klasse: l",gemüse/salatgemüse,2024-11-07 14:55:23
BIO NATURA Salatgurke pro Stück,0.99,1 Stück,0.99/Stk./pc./pz.,Ursprungsland: Spanien,"Zusatzinformationen:
Bei dem Artikelbild handelt es sich um ein Symbolbild. Da es sich um ein Naturprodukt handelt, kann die Farbe bei der Lieferung abweichen.
Klasse: l",gemüse/salatgemüse,2024-11-07 14:55:24
BIO NATURA Babyspinat 100g,1.29,100 g,1.29/100g,Ursprungsland: Italien,"Zusatzinformationen:
Bei dem Artikelbild handelt es sich um ein Symbolbild. Da es sich um ein Naturprodukt handelt, kann die Farbe bei der Lieferung abweichen.
Klasse: I",gemüse/salatgemüse,2024-11-07 14:55:25
Snackpeperoni 200g,0.99,200 g,0.50/100g,"Ursprungsland: Spanien, Marokko","Zusatzinformationen:
Bei dem Artikelbild handelt es sich um ein Symbolbild. Da es sich um ein Naturprodukt handelt, kann die Farbe bei der Lieferung abweichen.
Klasse: I",gemüse/salatgemüse,2024-11-07 14:55:26
Cherry Rispentomaten 500g,2.29,500 g,0.46/100g,"Ursprungsland: Belgien, Italien, Marokko, Niederlande, Spanien","Zusatzinformationen:
Bei dem Artikelbild handelt es sich um ein Symbolbild. Da es sich um ein Naturprodukt handelt, kann die Farbe bei der Lieferung abweichen.
Klasse: l",gemüse/salatgemüse,2024-11-07 14:55:27
"SAVEURS SUISSES Schweizer Tomaten 1kg, SUISSE GARANTIE",2.95,1 kg,2.95/1kg,Ursprungsland: Schweiz,"Zusatzinformationen:
Bei dem Artikelbild handelt es sich um ein Symbolbild. Da es sich um ein Naturprodukt handelt, kann die Farbe bei der Lieferung abweichen.
Klasse: I",gemüse/salatgemüse,2024-11-07 14:55:28
BIO NATURA Avocado pro Stück,1.29,1 Stück,1.29/Stk./pc./pz.,"Ursprungsland: Brasilien, Chile, Dominikanische Republik, Kenia, Kleinere Inselbesitzungen der Vereinigten Staaten, Kolumbien, Mexiko, Peru, Portugal, Simbabwe, Spanien, Südafrika, Tansania","Zusatzinformationen:
Bei dem Artikelbild handelt es sich um ein Symbolbild. Da es sich um ein Naturprodukt handelt, kann die Farbe bei der Lieferung abweichen.
Klasse: I",gemüse/salatgemüse,2024-11-07 14:55:29
Spitzpaprika rot 500g,1.59,500 g,0.32/100g,"Ursprungsland: Marokko, Niederlande, Spanien, Ungarn","Zusatzinformationen:
Bei dem Artikelbild handelt es sich um ein Symbolbild. Da es sich um ein Naturprodukt handelt, kann die Farbe bei der Lieferung abweichen.
Klasse: I",gemüse/salatgemüse,2024-11-07 14:55:30
Peperoni Rot 500g,1.39,500 g,0.28/100g,"Ursprungsland: Marokko, Niederlande, Spanien","Zusatzinformationen:
Bei dem Artikelbild handelt es sich um ein Symbolbild. Da es sich um ein Naturprodukt handelt, kann die Farbe bei der Lieferung abweichen.
Klasse: I",gemüse/salatgemüse,2024-11-07 14:55:31
"Schweizer Spinat 500g, SUISSE GARANTIE",3.49,500 g,0.70/100g,Ursprungsland: Schweiz,"Zusatzinformationen:
Bei dem Artikelbild handelt es sich um ein Symbolbild. Da es sich um ein Naturprodukt handelt, kann die Farbe bei der Lieferung abweichen.
Klasse: I",gemüse/salatgemüse,2024-11-07 14:55:32
Peperoni-Mix 500g,1.29,500 g,0.26/100g,"Ursprungsland: Marokko, Niederlande, Spanien","Zusatzinformationen:
Bei dem Artikelbild handelt es sich um ein Symbolbild. Da es sich um ein Naturprodukt handelt, kann die Farbe bei der Lieferung abweichen.
Klasse: I 
3er-Pack Peperoni, mögliche Sorten sind rot, gelb, grün und orange",gemüse/salatgemüse,2024-11-07 14:55:33
"Schweizer Cherrytomaten 500g, SUISSE GARANTIE",4.49,500 g,0.90/100g,Ursprungsland: Schweiz,"Zusatzinformationen:
Bei dem Artikelbild handelt es sich um ein Symbolbild. Da es sich um ein Naturprodukt handelt, kann die Farbe bei der Lieferung abweichen.
Klasse: I",gemüse/salatgemüse,2024-11-07 14:55:34
"Schweizer Radisli 125g, SUISSE GARANTIE",1.09,125 g,0.87/100g,Ursprungsland: Schweiz,"Zusatzinformationen:
Bei dem Artikelbild handelt es sich um ein Symbolbild. Da es sich um ein Naturprodukt handelt, kann die Farbe bei der Lieferung abweichen.
Klasse: l",gemüse/salatgemüse,2024-11-07 14:55:35
Avocados 700g,2.49,700 g,3.56/1kg,"Ursprungsland: Brasilien, Chile, Dominikanische Republik, Israel, Kenia, Vereinigte Staaten von Amerika, Kolumbien, Marokko, Mexiko, Peru, Portugal, Simbabwe, Spanien, Südafrika, Tansania","Zusatzinformationen:
Bei dem Artikelbild handelt es sich um ein Symbolbild. Da es sich um ein Naturprodukt handelt, kann die Farbe bei der Lieferung abweichen.
Klasse: I",gemüse/salatgemüse,2024-11-07 14:55:36
"Schweizer Karotten 1.5kg, SUISSE GARANTIE",1.99,1.5 kg,1.33/1kg,Ursprungsland: Schweiz,"Zusatzinformationen:
Bei dem Artikelbild handelt es sich um ein Symbolbild. Da es sich um ein Naturprodukt handelt, kann die Farbe bei der Lieferung abweichen.
Klasse: I",gemüse/wurzel--&-knollengemüse,2024-11-07 14:55:37
"Schweizer Baked Potatoes 4kg, SUISSE GARANTIE",4.49,4 kg,1.12/1kg,Ursprungsland: Schweiz,"Zusatzinformationen:
Bei dem Artikelbild handelt es sich um ein Symbolbild. Da es sich um ein Naturprodukt handelt, kann die Farbe bei der Lieferung abweichen.
Klasse: I",gemüse/wurzel--&-knollengemüse,2024-11-07 14:55:38
"NATURE SUISSE Schweizer Kartoffeln 2kg, SUISSE GARANTIE",2.89,2 kg,1.45/1kg,Ursprungsland: Schweiz,"Zusatzinformationen:
Bei dem Artikelbild handelt es sich um ein Symbolbild. Da es sich um ein Naturprodukt handelt, kann die Farbe bei der Lieferung abweichen.
Klasse: I 
vorwiegend festkochend",gemüse/wurzel--&-knollengemüse,2024-11-07 14:55:39
"Schweizer Kartoffeln mehligkochend 3kg, SUISSE GARANTIE",3.49,3 kg,1.16/1kg,Ursprungsland: Schweiz,"Zusatzinformationen:
Bei dem Artikelbild handelt es sich um ein Symbolbild. Da es sich um ein Naturprodukt handelt, kann die Farbe bei der Lieferung abweichen.
Klasse: I 
mehligkochende Kartoffeln",gemüse/wurzel--&-knollengemüse,2024-11-07 14:55:40
"Schweizer Raclettekartoffeln 1kg, SUISSE GARANTIE",1.49,1 kg,1.49/1kg,Ursprungsland: Schweiz,"Zusatzinformationen:
Bei dem Artikelbild handelt es sich um ein Symbolbild. Da es sich um ein Naturprodukt handelt, kann die Farbe bei der Lieferung abweichen.
Klasse: I",gemüse/wurzel--&-knollengemüse,2024-11-07 14:55:41
"RETOUR AUX SOURCES BIO Schweizer Karotten 1kg, SUISSE GARANTIE",2.99,1 kg,2.99/1kg,Ursprungsland: Schweiz,"Zusatzinformationen:
Bei dem Artikelbild handelt es sich um ein Symbolbild. Da es sich um ein Naturprodukt handelt, kann die Farbe bei der Lieferung abweichen.
Klasse: I 
Bio-Zertifizierungsstelle des Herstellers: CH-BIO-038",gemüse/wurzel--&-knollengemüse,2024-11-07 14:55:42
"Schweizer Rettich pro Stück, SUISSE GARANTIE",1.99,1 Stück,1.99/Stk./pc./pz.,Ursprungsland: Schweiz,"Zusatzinformationen:
Bei dem Artikelbild handelt es sich um ein Symbolbild. Da es sich um ein Naturprodukt handelt, kann die Farbe bei der Lieferung abweichen.
Klasse: I",gemüse/wurzel--&-knollengemüse,2024-11-07 14:55:43
"Schweizer Kartoffeln vorwiegend festkochend 3kg, SUISSE GARANTIE",3.49,3 kg,1.16/1kg,Ursprungsland: Schweiz,"Zusatzinformationen:
Bei dem Artikelbild handelt es sich um ein Symbolbild. Da es sich um ein Naturprodukt handelt, kann die Farbe bei der Lieferung abweichen.
Klasse: I 
vorwiegend festkochende Kartoffeln",gemüse/wurzel--&-knollengemüse,2024-11-07 14:55:44
"Schweizer Kartoffeln festkochend 3kg, SUISSE GARANTIE",3.49,3 kg,1.16/1kg,Ursprungsland: Schweiz,"Zusatzinformationen:
Bei dem Artikelbild handelt es sich um ein Symbolbild. Da es sich um ein Naturprodukt handelt, kann die Farbe bei der Lieferung abweichen.
Klasse: I 
festkochende Kartoffeln",gemüse/wurzel--&-knollengemüse,2024-11-07 14:55:45
"RETOUR AUX SOURCES BIO Schweizer Kartoffeln 1.5kg, SUISSE GARANTIE",3.99,1.5 kg,2.66/1kg,Ursprungsland: Schweiz,"Zusatzinformationen:
Bei dem Artikelbild handelt es sich um ein Symbolbild. Da es sich um ein Naturprodukt handelt, kann die Farbe bei der Lieferung abweichen.
Klasse: I 
Bio-Zertifizierungsstelle des Herstellers: CH-BIO-038",gemüse/wurzel--&-knollengemüse,2024-11-07 14:55:46
"SAVEURS SUISSES Schweizer Kartoffeln 600g, SUISSE GARANTIE",1.99,600 g,3.32/1kg,Ursprungsland: Schweiz,"Zusatzinformationen:
Bei dem Artikelbild handelt es sich um ein Symbolbild. Da es sich um ein Naturprodukt handelt, kann die Farbe bei der Lieferung abweichen.
Klasse: I",gemüse/wurzel--&-knollengemüse,2024-11-07 14:55:46
"Schweizer Stangensellerie pro Stück, SUISSE GARANTIE",1.99,1 Stück,1.99/Stk./pc./pz.,Ursprungsland: Schweiz,"Zusatzinformationen:
Bei dem Artikelbild handelt es sich um ein Symbolbild. Da es sich um ein Naturprodukt handelt, kann die Farbe bei der Lieferung abweichen.
Klasse: I",gemüse/wurzel--&-knollengemüse,2024-11-07 14:55:47
Snackkarotten 200g,1.39,200 g,0.70/100g,"Ursprungsland: Dänemark, Niederlande, Portugal","Zusatzinformationen:
Bei dem Artikelbild handelt es sich um ein Symbolbild. Da es sich um ein Naturprodukt handelt, kann die Farbe bei der Lieferung abweichen.
Klasse: I",gemüse/wurzel--&-knollengemüse,2024-11-07 14:55:48
"BIO NATURA Schweizer Suppengemüse 500g, SUISSE GARANTIE",2.15,500 g,0.43/100g,Ursprungsland: Schweiz,"Zusatzinformationen:
Bei dem Artikelbild handelt es sich um ein Symbolbild. Da es sich um ein Naturprodukt handelt, kann die Farbe bei der Lieferung abweichen.
Klasse: l 
Karotten, Lauch, Sellerie, Wirz, Zwiebeln",gemüse/wurzel--&-knollengemüse,2024-11-07 14:55:49
"BIO NATURA Schweizer Pastinaken 500g, SUISSE GARANTIE",1.99,500 g,0.40/100g,Ursprungsland: Schweiz,"Zusatzinformationen:
Bei dem Artikelbild handelt es sich um ein Symbolbild. Da es sich um ein Naturprodukt handelt, kann die Farbe bei der Lieferung abweichen.
Klasse: I",gemüse/wurzel--&-knollengemüse,2024-11-07 14:55:50
"RETOUR AUX SOURCES BIO Schweizer Randen 500g, SUISSE GARANTIE",1.99,500 g,0.40/100g,Ursprungsland: Schweiz,"Zusatzinformationen:
Bei dem Artikelbild handelt es sich um ein Symbolbild. Da es sich um ein Naturprodukt handelt, kann die Farbe bei der Lieferung abweichen.
Klasse: I 
Bio-Zertifizierungsstelle des Herstellers: CH-BIO-038",gemüse/wurzel--&-knollengemüse,2024-11-07 14:55:51
"Schweizer Stangenlauch 500g, SUISSE GARANTIE",2.25,500 g,0.45/100g,Ursprungsland: Schweiz,"Zusatzinformationen:
Bei dem Artikelbild handelt es sich um ein Symbolbild. Da es sich um ein Naturprodukt handelt, kann die Farbe bei der Lieferung abweichen.
Klasse: I",gemüse/wurzel--&-knollengemüse,2024-11-07 14:55:52
Süsskartoffel pro Stück,0.54,1 Stück,0.54/Stk./pc./pz.,"Ursprungsland: Ägypten, Spanien, Vereinigte Staaten von Amerika","Zusatzinformationen:
Bei dem Artikelbild handelt es sich um ein Symbolbild. Da es sich um ein Naturprodukt handelt, kann die Farbe bei der Lieferung abweichen.
Klasse: I",gemüse/wurzel--&-knollengemüse,2024-11-07 14:55:53
Kürbiswürfel 500g,2.49,500 g,0.50/100g,"Ursprungsland: Italien, Portugal, Spanien, Schweiz","Zusatzinformationen:
Bei dem Artikelbild handelt es sich um ein Symbolbild. Da es sich um ein Naturprodukt handelt, kann die Farbe bei der Lieferung abweichen.
Klasse: I",gemüse/weitere-gemüse,2024-11-07 14:55:54
BIO NATURA Zucchetti 500g,1.59,500 g,0.32/100g,"Ursprungsland: Spanien, Italien, Marokko","Zusatzinformationen:
Bei dem Artikelbild handelt es sich um ein Symbolbild. Da es sich um ein Naturprodukt handelt, kann die Farbe bei der Lieferung abweichen.
Klasse: l",gemüse/weitere-gemüse,2024-11-07 14:55:55
Minestrone-Gemüse 500g,3.39,500 g,0.68/100g,Ursprungsland: Schweiz,"Zusatzinformationen:
Bei dem Artikelbild handelt es sich um ein Symbolbild. Da es sich um ein Naturprodukt handelt, kann die Farbe bei der Lieferung abweichen.
Klasse: I 
Karotten, Lauch, Sellerie, Wirz",gemüse/weitere-gemüse,2024-11-07 14:55:56
BIO NATURA Babyspinat 100g,1.29,100 g,1.29/100g,Ursprungsland: Italien,"Zusatzinformationen:
Bei dem Artikelbild handelt es sich um ein Symbolbild. Da es sich um ein Naturprodukt handelt, kann die Farbe bei der Lieferung abweichen.
Klasse: I",gemüse/weitere-gemüse,2024-11-07 14:55:57
Breite Bohnen 500g,2.35,500 g,0.47/100g,"Ursprungsland: Spanien, Guatemala, Marokko, Simbabwe","Zusatzinformationen:
Bei dem Artikelbild handelt es sich um ein Symbolbild. Da es sich um ein Naturprodukt handelt, kann die Farbe bei der Lieferung abweichen.
Klasse: I",gemüse/weitere-gemüse,2024-11-07 14:55:59
Kefen 250g,2.35,250 g,0.94/100g,"Ursprungsland: Spanien, Guatemala, Marokko, Simbabwe","Zusatzinformationen:
Bei dem Artikelbild handelt es sich um ein Symbolbild. Da es sich um ein Naturprodukt handelt, kann die Farbe bei der Lieferung abweichen.
Klasse: I",gemüse/weitere-gemüse,2024-11-07 14:55:59
"Schweizer Kürbiswürfel 500g, SUISSE GARANTIE",2.79,500 g,0.56/100g,Ursprungsland: Schweiz,"Zusatzinformationen:
Bei dem Artikelbild handelt es sich um ein Symbolbild. Da es sich um ein Naturprodukt handelt, kann die Farbe bei der Lieferung abweichen.
Klasse: I",gemüse/weitere-gemüse,2024-11-07 14:56:00
Zuckermais 400g,1.49,400 g,0.37/100g,"Ursprungsland: Indien, Spanien","Zusatzinformationen:
Bei dem Artikelbild handelt es sich um ein Symbolbild. Da es sich um ein Naturprodukt handelt, kann die Farbe bei der Lieferung abweichen.
Klasse: I",gemüse/weitere-gemüse,2024-11-07 14:56:01
Bobby Bohnen 500g,2.29,500 g,0.46/100g,"Ursprungsland: Marokko, Spanien","Zusatzinformationen:
Bei dem Artikelbild handelt es sich um ein Symbolbild. Da es sich um ein Naturprodukt handelt, kann die Farbe bei der Lieferung abweichen.
Klasse: l",gemüse/weitere-gemüse,2024-11-07 14:56:02
"Schweizer Spinat 500g, SUISSE GARANTIE",3.49,500 g,0.70/100g,Ursprungsland: Schweiz,"Zusatzinformationen:
Bei dem Artikelbild handelt es sich um ein Symbolbild. Da es sich um ein Naturprodukt handelt, kann die Farbe bei der Lieferung abweichen.
Klasse: I",gemüse/weitere-gemüse,2024-11-07 14:56:03
Zucchetti pro Stück,0.60,1 Stück,0.60/Stk./pc./pz.,"Ursprungsland: Marokko, Spanien, Italien","Zusatzinformationen:
Bei dem Artikelbild handelt es sich um ein Symbolbild. Da es sich um ein Naturprodukt handelt, kann die Farbe bei der Lieferung abweichen.
Klasse: I",gemüse/weitere-gemüse,2024-11-07 14:56:04
"RETOUR AUX SOURCES BIO Schweizer Butternuss-Kürbis pro Stück, SUISSE GARANTIE",2.79,1 Stück,2.79/Stk./pc./pz.,Ursprungsland: Schweiz,"Zusatzinformationen:
Bei dem Artikelbild handelt es sich um ein Symbolbild. Da es sich um ein Naturprodukt handelt, kann die Farbe bei der Lieferung abweichen.
Klasse: I 
Bio-Zertifizierungsstelle des Herstellers: CH-BIO-038",gemüse/weitere-gemüse,2024-11-07 14:56:05
"RETOUR AUX SOURCES BIO Schweizer Hokkaido-Kürbis pro Stück, SUISSE GARANTIE",2.79,1 Stück,2.79/Stk./pc./pz.,Ursprungsland: Schweiz,"Zusatzinformationen:
Bei dem Artikelbild handelt es sich um ein Symbolbild. Da es sich um ein Naturprodukt handelt, kann die Farbe bei der Lieferung abweichen.
Klasse: I 
Bio-Zertifizierungsstelle des Herstellers: CH-BIO-",gemüse/weitere-gemüse,2024-11-07 14:56:06
Aubergine pro Stück,0.45,1 Stück,0.45/Stk./pc./pz.,"Ursprungsland: Marokko, Niederlande, Spanien, Italien","Zusatzinformationen:
Bei dem Artikelbild handelt es sich um ein Symbolbild. Da es sich um ein Naturprodukt handelt, kann die Farbe bei der Lieferung abweichen.
Klasse: I",gemüse/weitere-gemüse,2024-11-07 14:56:07
"RETOUR AUX SOURCES BIO Schweizer Äpfel 750g, SUISSE GARANTIE",4.29,750 g,5.72/100g,Ursprungsland: Schweiz,"Zusatzinformationen:
Bei dem Artikelbild handelt es sich um ein Symbolbild. Da es sich um ein Naturprodukt handelt, kann die Farbe bei der Lieferung abweichen.
Klasse: I 
Bio-Zertifizierungsstelle des Herstellers: CH-BIO-006",obst/äpfel-&-birnen,2024-11-07 14:56:08
"Schweizer Äpfel rot 1kg, SUISSE GARANTIE",2.79,1 kg,2.79/1kg,Ursprungsland: Schweiz,"Zusatzinformationen:
Bei dem Artikelbild handelt es sich um ein Symbolbild. Da es sich um ein Naturprodukt handelt, kann die Farbe bei der Lieferung abweichen.
Klasse: I",obst/äpfel-&-birnen,2024-11-07 14:56:08
"RETOUR AUX SOURCES BIO Schweizer Birnen 500g, SUISSE GARANTIE",2.99,500 g,0.60/100g,Ursprungsland: Schweiz,"Zusatzinformationen:
Bei dem Artikelbild handelt es sich um ein Symbolbild. Da es sich um ein Naturprodukt handelt, kann die Farbe bei der Lieferung abweichen.
Klasse: I 
Bio-Zertifizierungsstelle des Herstellers: CH-BIO-006",obst/äpfel-&-birnen,2024-11-07 14:56:09
"Schweizer Birnen 1kg, SUISSE GARANTIE",2.49,1 kg,2.49/1kg,Ursprungsland: Schweiz,"Zusatzinformationen:
Bei dem Artikelbild handelt es sich um ein Symbolbild. Da es sich um ein Naturprodukt handelt, kann die Farbe bei der Lieferung abweichen.
Klasse: I",obst/äpfel-&-birnen,2024-11-07 14:56:10
"Schweizer Äpfel rot 2.5kg, SUISSE GARANTIE",3.95,2.5 kg,1.58/1kg,Ursprungsland: Schweiz,"Zusatzinformationen:
Bei dem Artikelbild handelt es sich um ein Symbolbild. Da es sich um ein Naturprodukt handelt, kann die Farbe bei der Lieferung abweichen.
Klasse: II",obst/äpfel-&-birnen,2024-11-07 14:56:11
"Schweizer Äpfel Foodtainer 800g, SUISSE GARANTIE",2.29,800 g,2.86/1kg,Ursprungsland: Schweiz,"Zusatzinformationen:
Bei dem Artikelbild handelt es sich um ein Symbolbild. Da es sich um ein Naturprodukt handelt, kann die Farbe bei der Lieferung abweichen.
Klasse: I",obst/äpfel-&-birnen,2024-11-07 14:56:11
"Schweizer Rockit Äpfel 400g, SUISSE GARANTIE",1.99,400 g,0.50/100g,Ursprungsland: Schweiz,"Zusatzinformationen:
Bei dem Artikelbild handelt es sich um ein Symbolbild. Da es sich um ein Naturprodukt handelt, kann die Farbe bei der Lieferung abweichen.
Klasse: l",obst/äpfel-&-birnen,2024-11-07 14:56:12
Passionsfrucht pro Stück,0.49,1 Stück,0.49/Stk./pc./pz.,Ursprungsland: Kolumbien,"Zusatzinformationen:
Bei dem Artikelbild handelt es sich um ein Symbolbild. Da es sich um ein Naturprodukt handelt, kann die Farbe bei der Lieferung abweichen.
Klasse: I",obst/exotische-früchte,2024-11-07 14:56:13
GOURMET Premium Avocado pro Stück,2.29,1 Stück,2.29/Stk./pc./pz.,"Ursprungsland: Brasilien, Chile, Dominikanische Republik, Guatemala, Kenia, Kolumbien, Marokko, Mexiko, Peru, Simbabwe, Südafrika, Tansania","Zusatzinformationen:
Bei dem Artikelbild handelt es sich um ein Symbolbild. Da es sich um ein Naturprodukt handelt, kann die Farbe bei der Lieferung abweichen.
Klasse: I",obst/exotische-früchte,2024-11-07 14:56:14
ZESPRI Kiwis Gold 3er-Pack,1.99,3 Stück,0.66/Stk./pc./pz.,Ursprungsland: Italien,"Zusatzinformationen:
Bei dem Artikelbild handelt es sich um ein Symbolbild. Da es sich um ein Naturprodukt handelt, kann die Farbe bei der Lieferung abweichen.
Klasse: I",obst/exotische-früchte,2024-11-07 14:56:15
GOURMET Premium Datteln Medjool 200g,2.79,200 g,1.40/100g,Ursprungsland: Israel,"Zusatzinformationen:
Bei dem Artikelbild handelt es sich um ein Symbolbild. Da es sich um ein Naturprodukt handelt, kann die Farbe bei der Lieferung abweichen.
Klasse: I",obst/exotische-früchte,2024-11-07 14:56:17
GOURMET Premium Mango pro Stück,1.79,1 Stück,1.79/Stk./pc./pz.,"Ursprungsland: Brasilien, Burkina Faso, Costa Rica, Dominikanische Republik, Elfenbeinküste, Israel, Mali, Peru, Puerto Rico, Senegal, Spanien","Zusatzinformationen:
Bei dem Artikelbild handelt es sich um ein Symbolbild. Da es sich um ein Naturprodukt handelt, kann die Farbe bei der Lieferung abweichen.
Klasse: I",obst/exotische-früchte,2024-11-07 14:56:18
ISS-REIF Mangos 2er-Pack,2.99,2 Stück,1.50/Stk./pc./pz.,"Ursprungsland: Brasilien, Burkina Faso, Costa Rica, Dominikanische Republik, Elfenbeinküste, Israel, Mali, Peru, Puerto Rico, Senegal, Spanien","Zusatzinformationen:
Bei dem Artikelbild handelt es sich um ein Symbolbild. Da es sich um ein Naturprodukt handelt, kann die Farbe bei der Lieferung abweichen.
Klasse: I",obst/exotische-früchte,2024-11-07 14:56:18
GOURMET Premium Ananas pro Stück,3.49,1 Stück,3.49/Stk./pc./pz.,Ursprungsland: Costa Rica,"Zusatzinformationen:
Bei dem Artikelbild handelt es sich um ein Symbolbild. Da es sich um ein Naturprodukt handelt, kann die Farbe bei der Lieferung abweichen.
Klasse: I",obst/exotische-früchte,2024-11-07 14:56:19
ISS-REIF Avocados 2er-Pack,2.49,2 Stück,1.25/Stk./pc./pz.,"Ursprungsland: Brasilien, Chile, Dominikanische Republik, Israel, Kenia, Kleinere Inselbesitzungen der Vereinigten Staaten, Kolumbien, Marokko, Mexiko, Peru, Portugal, Simbabwe, Spanien, Südafrika, Tansania","Zusatzinformationen:
Bei dem Artikelbild handelt es sich um ein Symbolbild. Da es sich um ein Naturprodukt handelt, kann die Farbe bei der Lieferung abweichen.
Klasse: I",obst/exotische-früchte,2024-11-07 14:56:20
ZESPRI Kiwis Grün 4er-Pack,2.35,4 Stück,0.59/Stk./pc./pz.,Ursprungsland: Neuseeland,"Zusatzinformationen:
Bei dem Artikelbild handelt es sich um ein Symbolbild. Da es sich um ein Naturprodukt handelt, kann die Farbe bei der Lieferung abweichen.
Klasse: I",obst/exotische-früchte,2024-11-07 14:56:21
Kiwibeeren 125g,1.79,125 g,1.43/100g,Ursprungsland: Italien,"Zusatzinformationen:
Bei dem Artikelbild handelt es sich um ein Symbolbild. Da es sich um ein Naturprodukt handelt, kann die Farbe bei der Lieferung abweichen.
Klasse: I",obst/exotische-früchte,2024-11-07 14:56:22
Kiwis rot pro Packung,1.99,1 Packung,1.99/Stk./pc./pz.,Ursprungsland: Italien,"Zusatzinformationen:
Bei dem Artikelbild handelt es sich um ein Symbolbild. Da es sich um ein Naturprodukt handelt, kann die Farbe bei der Lieferung abweichen.
Klasse: I",obst/exotische-früchte,2024-11-07 14:56:23
BIO NATURA Avocado pro Stück,1.29,1 Stück,1.29/Stk./pc./pz.,"Ursprungsland: Brasilien, Chile, Dominikanische Republik, Kenia, Kleinere Inselbesitzungen der Vereinigten Staaten, Kolumbien, Mexiko, Peru, Portugal, Simbabwe, Spanien, Südafrika, Tansania","Zusatzinformationen:
Bei dem Artikelbild handelt es sich um ein Symbolbild. Da es sich um ein Naturprodukt handelt, kann die Farbe bei der Lieferung abweichen.
Klasse: I",obst/exotische-früchte,2024-11-07 14:56:24
Kaki pro Stück,0.49,1 Stück,0.49/Stk./pc./pz.,"Ursprungsland: Spanien, Italien, Griechenland","Zusatzinformationen:
Bei dem Artikelbild handelt es sich um ein Symbolbild. Da es sich um ein Naturprodukt handelt, kann die Farbe bei der Lieferung abweichen.
Klasse: l",obst/exotische-früchte,2024-11-07 14:56:25
Granatapfel pro Stück,0.95,1 Stück,0.95/Stk./pc./pz.,"Ursprungsland: Spanien, Türkei","Zusatzinformationen:
Bei dem Artikelbild handelt es sich um ein Symbolbild. Da es sich um ein Naturprodukt handelt, kann die Farbe bei der Lieferung abweichen.
Klasse: l",obst/exotische-früchte,2024-11-07 14:56:26
Trinkkokosnuss per Stück,2.79,1 Stück,2.79/Stk./pc./pz.,"Ursprungsland: Thailand, Vietnam","Zusatzinformationen:
Bei dem Artikelbild handelt es sich um ein Symbolbild. Da es sich um ein Naturprodukt handelt, kann die Farbe bei der Lieferung abweichen.
Klasse: I",obst/exotische-früchte,2024-11-07 14:56:27
Physalis 100g,1.19,100 g,1.19/100g,Ursprungsland: Kolumbien,"Zusatzinformationen:
Bei dem Artikelbild handelt es sich um ein Symbolbild. Da es sich um ein Naturprodukt handelt, kann die Farbe bei der Lieferung abweichen.
Klasse: I",obst/exotische-früchte,2024-11-07 14:56:28
Kakis 1kg,2.49,1 kg,2.49/1kg,Ursprungsland: Spanien,"Zusatzinformationen:
Bei dem Artikelbild handelt es sich um ein Symbolbild. Da es sich um ein Naturprodukt handelt, kann die Farbe bei der Lieferung abweichen.
Klasse: l",obst/exotische-früchte,2024-11-07 14:56:29
Ananas pro Stück,2.29,1 Stück,2.29/Stk./pc./pz.,Ursprungsland: Costa Rica,"Zusatzinformationen:
Bei dem Artikelbild handelt es sich um ein Symbolbild. Da es sich um ein Naturprodukt handelt, kann die Farbe bei der Lieferung abweichen.
Klasse: I",obst/exotische-früchte,2024-11-07 14:56:30
Avocados 700g,2.49,700 g,3.56/1kg,"Ursprungsland: Brasilien, Chile, Dominikanische Republik, Israel, Kenia, Vereinigte Staaten von Amerika, Kolumbien, Marokko, Mexiko, Peru, Portugal, Simbabwe, Spanien, Südafrika, Tansania","Zusatzinformationen:
Bei dem Artikelbild handelt es sich um ein Symbolbild. Da es sich um ein Naturprodukt handelt, kann die Farbe bei der Lieferung abweichen.
Klasse: I",obst/exotische-früchte,2024-11-07 14:56:31
Banane pro Stück,0.21,1 Stück,0.21/Stk./pc./pz.,Ursprungsland: Ecuador,"Zusatzinformationen:
Bei dem Artikelbild handelt es sich um ein Symbolbild. Da es sich um ein Naturprodukt handelt, kann die Farbe bei der Lieferung abweichen.
Klasse: I",obst/exotische-früchte,2024-11-07 14:56:32
Trauben kernlos hell 500g,2.79,500 g,0.56/100g,"Ursprungsland: Brasilien, Peru","Zusatzinformationen:
Bei dem Artikelbild handelt es sich um ein Symbolbild. Da es sich um ein Naturprodukt handelt, kann die Farbe bei der Lieferung abweichen.
Klasse: I",obst/trauben-&-beeren,2024-11-07 14:56:33
Trauben kernlos rot 500g,2.79,500 g,0.56/100g,"Ursprungsland: Brasilien, Peru","Zusatzinformationen:
Bei dem Artikelbild handelt es sich um ein Symbolbild. Da es sich um ein Naturprodukt handelt, kann die Farbe bei der Lieferung abweichen.
Klasse: I",obst/trauben-&-beeren,2024-11-07 14:56:33
Himbeeren 250g,3.99,250 g,1.60/100g,"Ursprungsland: Marokko, Belgien, Niederlande, Portugal, Spanien","Zusatzinformationen:
Bei dem Artikelbild handelt es sich um ein Symbolbild. Da es sich um ein Naturprodukt handelt, kann die Farbe bei der Lieferung abweichen.
Klasse: l",obst/trauben-&-beeren,2024-11-07 14:56:34
BIO NATURA Himbeeren 125g,2.49,125 g,1.99/100g,"Ursprungsland: Argentinien, Spanien","Zusatzinformationen:
Bei dem Artikelbild handelt es sich um ein Symbolbild. Da es sich um ein Naturprodukt handelt, kann die Farbe bei der Lieferung abweichen.
Klasse: l",obst/trauben-&-beeren,2024-11-07 14:56:35
BIO NATURA Heidelbeeren 125g,2.49,125 g,1.99/100g,"Ursprungsland: Argentinien, Spanien","Zusatzinformationen:
Bei dem Artikelbild handelt es sich um ein Symbolbild. Da es sich um ein Naturprodukt handelt, kann die Farbe bei der Lieferung abweichen.
Klasse: l",obst/trauben-&-beeren,2024-11-07 14:56:36
Heidelbeeren 250g,3.49,250 g,1.40/100g,"Ursprungsland: Polen, Serbien, Ukraine, Peru, Chile, Südafrika, Simbabwe","Zusatzinformationen:
Bei dem Artikelbild handelt es sich um ein Symbolbild. Da es sich um ein Naturprodukt handelt, kann die Farbe bei der Lieferung abweichen.
Klasse: I",obst/trauben-&-beeren,2024-11-07 14:56:37
Erdbeeren 250g,3.79,250 g,1.52/100g,"Ursprungsland: Belgien, Niederlande","Zusatzinformationen:
Bei dem Artikelbild handelt es sich um ein Symbolbild. Da es sich um ein Naturprodukt handelt, kann die Farbe bei der Lieferung abweichen.
Klasse: l",obst/trauben-&-beeren,2024-11-07 14:56:38
Heidelbeeren 400g,4.99,400 g,1.25/100g,"Ursprungsland: Argentinien, Chile, Peru, Polen, Rumänien, Serbien, Südafrika, Ukraine","Zusatzinformationen:
Bei dem Artikelbild handelt es sich um ein Symbolbild. Da es sich um ein Naturprodukt handelt, kann die Farbe bei der Lieferung abweichen.
Klasse: I",obst/trauben-&-beeren,2024-11-07 14:56:39
BIO NATURA Orangen 1kg,1.79,1 kg,1.79/1kg,"Ursprungsland: Spanien, Italien, Grichenland","Zusatzinformationen:
Bei dem Artikelbild handelt es sich um ein Symbolbild. Da es sich um ein Naturprodukt handelt, kann die Farbe bei der Lieferung abweichen.
Klasse: l",obst/zitrusfrüchte,2024-11-07 14:56:40
BIO NATURA Zitrone per Stück,0.45,1 Stück,0.45/Stück,"Ursprungsland: Spanien, Italien","Zusatzinformationen:
Bei dem Artikelbild handelt es sich um ein Symbolbild. Da es sich um ein Naturprodukt handelt, kann die Farbe bei der Lieferung abweichen.
Klasse: l",obst/zitrusfrüchte,2024-11-07 14:56:40
Clementinen 1.5kg,2.59,1.5 kg,1.73/1kg,Ursprungsland: Spanien,"Zusatzinformationen:
Bei dem Artikelbild handelt es sich um ein Symbolbild. Da es sich um ein Naturprodukt handelt, kann die Farbe bei der Lieferung abweichen.
Klasse: I",obst/zitrusfrüchte,2024-11-07 14:56:41
Grapefruit pro Stück,0.79,1 Stück,0.79/Stk./pc./pz.,Ursprungsland: Spanien,"Zusatzinformationen:
Bei dem Artikelbild handelt es sich um ein Symbolbild. Da es sich um ein Naturprodukt handelt, kann die Farbe bei der Lieferung abweichen.
Klasse: I",obst/zitrusfrüchte,2024-11-07 14:56:42
Zitronen 500g,0.89,500 g,0.18/100g,"Ursprungsland: Spanien, Italien","Zusatzinformationen:
Bei dem Artikelbild handelt es sich um ein Symbolbild. Da es sich um ein Naturprodukt handelt, kann die Farbe bei der Lieferung abweichen.
Klasse: I",obst/zitrusfrüchte,2024-11-07 14:56:43
Limetten 500g,1.69,500 g,0.34/100g,"Ursprungsland: Brasilien, Honduras, Kolumbien","Zusatzinformationen:
Bei dem Artikelbild handelt es sich um ein Symbolbild. Da es sich um ein Naturprodukt handelt, kann die Farbe bei der Lieferung abweichen.
Klasse: I",obst/zitrusfrüchte,2024-11-07 14:56:44
Satsumas 1kg,1.79,1 kg,1.79/1kg,Ursprungsland: Spanien,"Zusatzinformationen:
Bei dem Artikelbild handelt es sich um ein Symbolbild. Da es sich um ein Naturprodukt handelt, kann die Farbe bei der Lieferung abweichen.
Klasse: I",obst/zitrusfrüchte,2024-11-07 14:56:45
BIO NATURA Clementinen 750g,2.19,750 g,2.92/1kg,Ursprungsland: Spanien,"Zusatzinformationen:
Bei dem Artikelbild handelt es sich um ein Symbolbild. Da es sich um ein Naturprodukt handelt, kann die Farbe bei der Lieferung abweichen.
Klasse: l",obst/zitrusfrüchte,2024-11-07 14:56:46
Clementinen 2.3kg,3.99,2.3 kg,1.73/1kg,"Ursprungsland: Griechenland, Marokko, Spanien","Zusatzinformationen:
Bei dem Artikelbild handelt es sich um ein Symbolbild. Da es sich um ein Naturprodukt handelt, kann die Farbe bei der Lieferung abweichen.
Klasse: l",obst/zitrusfrüchte,2024-11-07 14:56:46
Orangen 1.5kg,2.25,1.5 kg,1.50/1kg,"Ursprungsland: Argentinien, Simbabwe, Südafrika, Uruguay, Spanien","Zusatzinformationen:
Bei dem Artikelbild handelt es sich um ein Symbolbild. Da es sich um ein Naturprodukt handelt, kann die Farbe bei der Lieferung abweichen.
Klasse: I",obst/zitrusfrüchte,2024-11-07 14:56:48
Orangen 2kg,2.99,2 kg,1.50/1kg,"Ursprungsland: Ägypten, Griechenland, Spanien","Zusatzinformationen:
Bei dem Artikelbild handelt es sich um ein Symbolbild. Da es sich um ein Naturprodukt handelt, kann die Farbe bei der Lieferung abweichen.
Klasse: l",obst/zitrusfrüchte,2024-11-07 14:56:48
Kopfsalat pro Stück,1.49,1 Stück,1.49/Stk./pc./pz.,"Ursprungsland: Schweiz, Italien","Zusatzinformationen:
Bei dem Artikelbild handelt es sich um ein Symbolbild. Da es sich um ein Naturprodukt handelt, kann die Farbe bei der Lieferung abweichen.
Klasse: l",obst-&-gemüse/salate,2024-11-07 14:56:49
FRESH CUT Karotten geraffelt,1.49,250 g,0.60/100g,NA,,obst-&-gemüse/salate,2024-11-07 14:56:50
FRESH CUT Mischsalat,1.99,320 g,0.62/100g,NA,,obst-&-gemüse/salate,2024-11-07 14:56:52
FRESH CUT Eisbergsalat geschnitten,1.99,400 g,0.50/100g,NA,,obst-&-gemüse/salate,2024-11-07 14:56:53
FRESH CUT Salat Mix,1.59,250 g,0.64/100g,NA,,obst-&-gemüse/salate,2024-11-07 14:56:54
FRESH CUT Grüner Kopfsalat mit Herzen,1.99,200 g,1.00/100g,NA,,obst-&-gemüse/salate,2024-11-07 14:56:55
FRESH CUT Gärtnersalat,1.59,250 g,0.64/100g,NA,,obst-&-gemüse/salate,2024-11-07 14:56:56
FRESH CUT Roter Kopfsalat,1.79,160 g,1.12/100g,NA,,obst-&-gemüse/salate,2024-11-07 14:56:57
FRESH CUT Mischsalat XXL,2.49,500 g,0.50/100g,NA,,obst-&-gemüse/salate,2024-11-07 14:56:58
"BIO NATURA Gemüsesalat, Julienne Mix",1.69,200 g,0.85/100g,NA,,obst-&-gemüse/salate,2024-11-07 14:56:59
"BIO NATURA Gemüsesalat, Weisskabis",1.69,200 g,0.85/100g,NA,,obst-&-gemüse/salate,2024-11-07 14:57:01
"BIO NATURA Gemüsesalat, Rotkabis",1.69,200 g,0.85/100g,NA,,obst-&-gemüse/salate,2024-11-07 14:57:02
FRESH CUT Mischsalat Duo,1.99,400 g,0.50/100g,NA,,obst-&-gemüse/salate,2024-11-07 14:57:03
Rucola 125g,0.85,125 g,0.68/100g,Ursprungsland: Italien,"Zusatzinformationen:
Bei dem Artikelbild handelt es sich um ein Symbolbild. Da es sich um ein Naturprodukt handelt, kann die Farbe bei der Lieferung abweichen.
Klasse: I",obst-&-gemüse/salate,2024-11-07 14:57:04
FRESH CUT Nüsslisalat,2.99,120 g,2.49/100g,NA,,obst-&-gemüse/salate,2024-11-07 14:57:06
"Schweizer Nüsslisalat 150g, SUISSE GARANTIE",2.49,150 g,1.66/100g,Ursprungsland: Schweiz,"Zusatzinformationen:
Bei dem Artikelbild handelt es sich um ein Symbolbild. Da es sich um ein Naturprodukt handelt, kann die Farbe bei der Lieferung abweichen.
Klasse: I",obst-&-gemüse/salate,2024-11-07 14:57:07
Eisbergsalat pro Stück,1.39,1 Stück,1.39/Stk./pc./pz.,Ursprungsland: Spanien,"Zusatzinformationen:
Bei dem Artikelbild handelt es sich um ein Symbolbild. Da es sich um ein Naturprodukt handelt, kann die Farbe bei der Lieferung abweichen.
Klasse: I",obst-&-gemüse/salate,2024-11-07 14:57:08
Kopfsalatherzen 2er-Pack,2.99,2 Stück,1.50/Stk./pc./pz.,"Ursprungsland: Schweiz, Italien","Zusatzinformationen:
Bei dem Artikelbild handelt es sich um ein Symbolbild. Da es sich um ein Naturprodukt handelt, kann die Farbe bei der Lieferung abweichen.
Klasse: l",obst-&-gemüse/salate,2024-11-07 14:57:09
"BIO NATURA Schweizer Zuckerhut pro Stück, SUISSE GARANTIE",2.44,1 Stück,2.44/Stk./pc./pz.,Ursprungsland: Schweiz,"Zusatzinformationen:
Bei dem Artikelbild handelt es sich um ein Symbolbild. Da es sich um ein Naturprodukt handelt, kann die Farbe bei der Lieferung abweichen.
Klasse: l",obst-&-gemüse/salate,2024-11-07 14:57:11
Marroni 1kg,5.99,1 kg,5.99/1kg,"Ursprungsland: Frankreich, Griechenland, Italien, Portugal, Spanien","Zusatzinformationen:
Bei dem Artikelbild handelt es sich um ein Symbolbild. Da es sich um ein Naturprodukt handelt, kann die Farbe bei der Lieferung abweichen.
Klasse: l",obst-&-gemüse/sonstiges,2024-11-07 14:57:11
